,start,finish,duration
0,0.0,47.0,47.0
1,93.0,140.0,47.0
2,140.0,188.0,48.0
3,175.0,224.0,49.0
4,267.0,314.0,47.0
5,351.0,407.0,56.0
6,366.0,453.0,87.0
7,431.0,482.0,51.0
8,483.0,530.0,47.0
9,533.0,582.0,49.0
10,569.0,631.0,62.0
11,589.0,644.0,55.0
12,608.0,709.0,101.0
13,611.0,760.0,149.0
14,614.0,792.0,178.0
15,647.0,814.0,167.0
16,666.0,795.0,129.0
17,680.0,820.0,140.0
18,772.0,859.0,87.0
19,848.0,910.0,62.0
20,854.0,968.0,114.0
21,859.0,1026.0,167.0
22,876.0,1028.0,152.0
23,878.0,1107.0,229.0
24,885.0,1130.0,245.0
25,914.0,1140.0,226.0
26,916.0,1169.0,253.0
27,974.0,1151.0,177.0
28,1000.0,1172.0,172.0
29,1002.0,1207.0,205.0
30,1066.0,1233.0,167.0
31,1081.0,1311.0,230.0
32,1111.0,1343.0,232.0
33,1138.0,1359.0,221.0
34,1205.0,1401.0,196.0
35,1219.0,1386.0,167.0
36,1284.0,1430.0,146.0
37,1329.0,1458.0,129.0
38,1346.0,1464.0,118.0
39,1414.0,1495.0,81.0
40,1436.0,1543.0,107.0
41,1566.0,1613.0,47.0
42,1621.0,1668.0,47.0
43,1758.0,1808.0,50.0
44,1779.0,1835.0,56.0
45,1781.0,1872.0,91.0
46,1803.0,1909.0,106.0
47,1837.0,1927.0,90.0
48,1850.0,1975.0,125.0
49,1874.0,1976.0,102.0
50,1877.0,2015.0,138.0
51,1905.0,2041.0,136.0
52,2007.0,2072.0,65.0
53,2012.0,2100.0,88.0
54,2097.0,2146.0,49.0
55,2196.0,2243.0,47.0
56,2263.0,2310.0,47.0
57,2268.0,2343.0,75.0
58,2316.0,2383.0,67.0
59,2388.0,2435.0,47.0
60,2474.0,2527.0,53.0
61,2476.0,2565.0,89.0
62,2547.0,2598.0,51.0
63,2575.0,2636.0,61.0
64,2851.0,2898.0,47.0
65,2883.0,2938.0,55.0
66,2917.0,2972.0,55.0
67,2942.0,3008.0,66.0
68,2948.0,3041.0,93.0
69,2952.0,3066.0,114.0
70,2954.0,3080.0,126.0
71,2968.0,3107.0,139.0
72,2982.0,3142.0,160.0
73,3143.0,3204.0,61.0
74,3157.0,3233.0,76.0
75,3391.0,3447.0,56.0
76,3398.0,3487.0,89.0
77,3511.0,3561.0,50.0
78,3556.0,3610.0,54.0
79,3572.0,3625.0,53.0
80,3605.0,3662.0,57.0
81,3607.0,3697.0,90.0
82,3626.0,3714.0,88.0
83,3679.0,3766.0,87.0
84,3685.0,3798.0,113.0
85,3689.0,3860.0,171.0
86,3754.0,3864.0,110.0
87,3896.0,3943.0,47.0
88,3958.0,4022.0,64.0
89,3962.0,4054.0,92.0
90,3975.0,4129.0,154.0
91,3980.0,4150.0,170.0
92,4060.0,4110.0,50.0
93,4093.0,4165.0,72.0
94,4137.0,4197.0,60.0
95,4240.0,4287.0,47.0
96,4390.0,4442.0,52.0
97,4395.0,4486.0,91.0
98,4400.0,4491.0,91.0
99,4437.0,4574.0,137.0
100,4451.0,4603.0,152.0
101,4627.0,4685.0,58.0
102,4655.0,4722.0,67.0
103,4675.0,4737.0,62.0
104,4692.0,4775.0,83.0
105,4744.0,4807.0,63.0
106,4746.0,4818.0,72.0
107,4858.0,4905.0,47.0
108,4914.0,4961.0,47.0
109,4983.0,5030.0,47.0
110,5007.0,5073.0,66.0
111,5034.0,5091.0,57.0
112,5067.0,5123.0,56.0
113,5307.0,5361.0,54.0
114,5334.0,5394.0,60.0
115,5415.0,5462.0,47.0
116,5465.0,5512.0,47.0
117,5518.0,5565.0,47.0
118,5535.0,5605.0,70.0
119,5637.0,5698.0,61.0
120,5640.0,5727.0,87.0
121,5751.0,5807.0,56.0
122,5758.0,5847.0,89.0
123,5868.0,5915.0,47.0
124,5946.0,5993.0,47.0
125,5997.0,6044.0,47.0
126,6101.0,6148.0,47.0
127,6187.0,6234.0,47.0
128,6229.0,6284.0,55.0
129,6257.0,6326.0,69.0
130,6280.0,6357.0,77.0
131,6300.0,6389.0,89.0
132,6324.0,6415.0,91.0
133,6353.0,6437.0,84.0
134,6355.0,6462.0,107.0
135,6436.0,6493.0,57.0
136,6444.0,6528.0,84.0
137,6481.0,6560.0,79.0
138,6503.0,6583.0,80.0
139,6556.0,6632.0,76.0
140,6603.0,6659.0,56.0
141,6670.0,6717.0,47.0
142,6694.0,6757.0,63.0
143,6749.0,6804.0,55.0
144,6780.0,6834.0,54.0
145,6791.0,6866.0,75.0
146,6820.0,6898.0,78.0
147,6836.0,6931.0,95.0
148,6873.0,6961.0,88.0
149,7068.0,7115.0,47.0
150,7155.0,7202.0,47.0
151,7222.0,7272.0,50.0
152,7262.0,7312.0,50.0
153,7448.0,7504.0,56.0
154,7476.0,7543.0,67.0
155,7504.0,7557.0,53.0
156,7518.0,7624.0,106.0
157,7546.0,7610.0,64.0
158,7661.0,7717.0,56.0
159,7663.0,7757.0,94.0
160,7717.0,7766.0,49.0
161,7763.0,7818.0,55.0
162,7765.0,7856.0,91.0
163,7789.0,7900.0,111.0
164,7838.0,7922.0,84.0
165,7845.0,7949.0,104.0
166,7866.0,7980.0,114.0
167,7967.0,8021.0,54.0
168,8020.0,8071.0,51.0
169,8023.0,8110.0,87.0
170,8042.0,8123.0,81.0
171,8105.0,8161.0,56.0
172,8134.0,8184.0,50.0
173,8329.0,8382.0,53.0
174,8333.0,8420.0,87.0
175,8377.0,8437.0,60.0
176,8548.0,8603.0,55.0
177,8570.0,8624.0,54.0
178,8632.0,8679.0,47.0
179,8693.0,8740.0,47.0
180,8713.0,8768.0,55.0
181,8726.0,8794.0,68.0
182,8740.0,8853.0,113.0
183,8762.0,8866.0,104.0
184,8773.0,8888.0,115.0
185,8807.0,8943.0,136.0
186,8828.0,8957.0,129.0
187,8830.0,8964.0,134.0
188,8979.0,9026.0,47.0
189,9169.0,9216.0,47.0
190,9247.0,9294.0,47.0
191,9335.0,9388.0,53.0
192,9343.0,9415.0,72.0
193,9391.0,9446.0,55.0
194,9412.0,9464.0,52.0
195,9436.0,9496.0,60.0
196,9498.0,9554.0,56.0
197,9532.0,9588.0,56.0
198,9543.0,9634.0,91.0
199,9545.0,9648.0,103.0
200,9563.0,9675.0,112.0
201,9565.0,9720.0,155.0
202,9573.0,9799.0,226.0
203,9658.0,9820.0,162.0
204,9712.0,9809.0,97.0
205,9826.0,9882.0,56.0
206,9840.0,9922.0,82.0
207,9967.0,10014.0,47.0
208,10053.0,10102.0,49.0
209,10071.0,10123.0,52.0
210,10075.0,10144.0,69.0
211,10261.0,10315.0,54.0
212,10291.0,10347.0,56.0
213,10433.0,10487.0,54.0
214,10463.0,10519.0,56.0
215,10521.0,10567.0,46.0
216,10538.0,10608.0,70.0
217,10573.0,10635.0,62.0
218,10600.0,10656.0,56.0
219,10764.0,10811.0,47.0
220,10769.0,10853.0,84.0
221,10861.0,10908.0,47.0
222,11002.0,11049.0,47.0
223,11094.0,11141.0,47.0
224,11157.0,11204.0,47.0
225,11198.0,11250.0,52.0
226,11215.0,11280.0,65.0
227,11299.0,11351.0,52.0
228,11333.0,11386.0,53.0
229,11342.0,11433.0,91.0
230,11367.0,11462.0,95.0
231,11370.0,11507.0,137.0
232,11438.0,11520.0,82.0
233,11445.0,11534.0,89.0
234,11535.0,11582.0,47.0
235,11574.0,11630.0,56.0
236,11613.0,11673.0,60.0
237,11625.0,11754.0,129.0
238,11627.0,11791.0,164.0
239,11669.0,11750.0,81.0
240,11710.0,11816.0,106.0
241,11795.0,11849.0,54.0
242,11811.0,11887.0,76.0
243,11829.0,11907.0,78.0
244,11855.0,11927.0,72.0
245,11964.0,12011.0,47.0
246,12011.0,12061.0,50.0
247,12051.0,12101.0,50.0
248,12229.0,12282.0,53.0
249,12243.0,12320.0,77.0
250,12347.0,12404.0,57.0
251,12376.0,12452.0,76.0
252,12393.0,12478.0,85.0
253,12399.0,12486.0,87.0
254,12621.0,12674.0,53.0
255,12651.0,12701.0,50.0
256,12653.0,12743.0,90.0
257,12658.0,12811.0,153.0
258,12744.0,12829.0,85.0
259,12869.0,12916.0,47.0
260,12910.0,12966.0,56.0
261,12929.0,13009.0,80.0
262,12982.0,13032.0,50.0
263,12986.0,13075.0,89.0
264,13036.0,13093.0,57.0
265,13053.0,13128.0,75.0
266,13129.0,13176.0,47.0
267,13264.0,13316.0,52.0
268,13277.0,13332.0,55.0
269,13343.0,13390.0,47.0
270,13415.0,13462.0,47.0
271,13494.0,13541.0,47.0
272,13561.0,13608.0,47.0
273,13655.0,13708.0,53.0
274,13668.0,13727.0,59.0
275,13679.0,13777.0,98.0
276,13693.0,13798.0,105.0
277,13698.0,13808.0,110.0
278,13701.0,13848.0,147.0
279,13714.0,13869.0,155.0
280,13859.0,13905.0,46.0
281,13915.0,13969.0,54.0
282,13918.0,14001.0,83.0
283,13927.0,14034.0,107.0
284,13960.0,14112.0,152.0
285,14073.0,14152.0,79.0
286,14081.0,14212.0,131.0
287,14100.0,14245.0,145.0
288,14108.0,14233.0,125.0
289,14115.0,14265.0,150.0
290,14166.0,14281.0,115.0
291,14263.0,14321.0,58.0
292,14330.0,14382.0,52.0
293,14338.0,14406.0,68.0
294,14371.0,14431.0,60.0
295,14472.0,14519.0,47.0
296,14559.0,14606.0,47.0
297,14579.0,14631.0,52.0
298,14671.0,14718.0,47.0
299,14723.0,14770.0,47.0
300,14783.0,14838.0,55.0
301,14785.0,14875.0,90.0
302,14823.0,14885.0,62.0
303,14986.0,15042.0,56.0
304,15000.0,15086.0,86.0
305,15044.0,15103.0,59.0
306,15076.0,15132.0,56.0
307,15202.0,15255.0,53.0
308,15208.0,15295.0,87.0
309,15239.0,15328.0,89.0
310,15298.0,15348.0,50.0
311,15321.0,15392.0,71.0
312,15377.0,15424.0,47.0
313,15455.0,15502.0,47.0
314,15506.0,15553.0,47.0
315,15574.0,15621.0,47.0
316,15647.0,15700.0,53.0
317,15668.0,15719.0,51.0
318,15778.0,15833.0,55.0
319,15794.0,15844.0,50.0
320,15939.0,15986.0,47.0
321,16025.0,16072.0,47.0
322,16076.0,16123.0,47.0
323,16170.0,16217.0,47.0
324,16237.0,16289.0,52.0
325,16239.0,16324.0,85.0
326,16244.0,16371.0,127.0
327,16246.0,16444.0,198.0
328,16250.0,16471.0,221.0
329,16288.0,16533.0,245.0
330,16335.0,16551.0,216.0
331,16376.0,16584.0,208.0
332,16496.0,16595.0,99.0
333,16555.0,16605.0,50.0
334,16565.0,16661.0,96.0
335,16578.0,16685.0,107.0
336,16742.0,16792.0,50.0
337,16773.0,16828.0,55.0
338,16787.0,16858.0,71.0
339,16826.0,16937.0,111.0
340,16904.0,16957.0,53.0
341,16913.0,16992.0,79.0
342,16927.0,17019.0,92.0
343,16965.0,17044.0,79.0
344,17014.0,17078.0,64.0
345,17051.0,17118.0,67.0
346,17125.0,17172.0,47.0
347,17178.0,17225.0,47.0
348,17252.0,17299.0,47.0
349,17300.0,17347.0,47.0
350,17405.0,17452.0,47.0
351,17533.0,17593.0,60.0
352,17545.0,17634.0,89.0
353,17575.0,17642.0,67.0
354,17611.0,17673.0,62.0
355,17652.0,17705.0,53.0
356,17677.0,17747.0,70.0
357,17687.0,17769.0,82.0
358,17693.0,17800.0,107.0
359,17727.0,17829.0,102.0
360,17825.0,17877.0,52.0
361,17832.0,17909.0,77.0
362,17853.0,17940.0,87.0
363,17901.0,17959.0,58.0
364,17911.0,17992.0,81.0
365,17937.0,18027.0,90.0
366,17947.0,18047.0,100.0
367,17969.0,18112.0,143.0
368,17971.0,18138.0,167.0
369,17976.0,18172.0,196.0
370,18080.0,18175.0,95.0
371,18107.0,18207.0,100.0
372,18115.0,18228.0,113.0
373,18175.0,18260.0,85.0
374,18177.0,18300.0,123.0
375,18190.0,18300.0,110.0
376,18210.0,18346.0,136.0
377,18227.0,18374.0,147.0
378,18254.0,18415.0,161.0
379,18271.0,18424.0,153.0
380,18304.0,18457.0,153.0
381,18345.0,18495.0,150.0
382,18568.0,18626.0,58.0
383,18595.0,18656.0,61.0
384,18609.0,18683.0,74.0
385,18623.0,18723.0,100.0
386,18639.0,18766.0,127.0
387,18677.0,18798.0,121.0
388,18701.0,18836.0,135.0
389,18752.0,18849.0,97.0
390,18774.0,18892.0,118.0
391,18795.0,18909.0,114.0
392,19077.0,19124.0,47.0
393,19120.0,19173.0,53.0
394,19126.0,19195.0,69.0
395,19208.0,19272.0,64.0
396,19219.0,19301.0,82.0
397,19222.0,19333.0,111.0
398,19224.0,19339.0,115.0
399,19257.0,19380.0,123.0
400,19315.0,19403.0,88.0
401,19413.0,19460.0,47.0
402,19474.0,19526.0,52.0
403,19479.0,19567.0,88.0
404,19495.0,19571.0,76.0
405,19631.0,19678.0,47.0
406,19794.0,19841.0,47.0
407,20017.0,20064.0,47.0
408,20066.0,20117.0,51.0
409,20092.0,20146.0,54.0
410,20140.0,20195.0,55.0
411,20185.0,20235.0,50.0
412,20289.0,20336.0,47.0
413,20342.0,20406.0,64.0
414,20344.0,20431.0,87.0
415,20348.0,20456.0,108.0
416,20358.0,20467.0,109.0
417,20499.0,20552.0,53.0
418,20505.0,20595.0,90.0
419,20571.0,20628.0,57.0
420,20594.0,20660.0,66.0
421,20614.0,20673.0,59.0
422,20675.0,20722.0,47.0
423,20939.0,20986.0,47.0
424,20980.0,21030.0,50.0
425,21077.0,21130.0,53.0
426,21086.0,21210.0,124.0
427,21088.0,21263.0,175.0
428,21212.0,21263.0,51.0
429,21251.0,21305.0,54.0
430,21318.0,21373.0,55.0
431,21340.0,21394.0,54.0
432,21386.0,21439.0,53.0
433,21453.0,21500.0,47.0
434,21550.0,21597.0,47.0
435,21596.0,21652.0,56.0
436,21607.0,21696.0,89.0
437,21666.0,21713.0,47.0
438,21712.0,21773.0,61.0
439,21716.0,21802.0,86.0
440,21729.0,21876.0,147.0
441,21785.0,21887.0,102.0
442,21787.0,21931.0,144.0
443,21802.0,21920.0,118.0
444,21840.0,21997.0,157.0
445,21926.0,22030.0,104.0
446,21945.0,22052.0,107.0
447,21950.0,22069.0,119.0
448,21997.0,22079.0,82.0
449,22042.0,22115.0,73.0
450,22145.0,22199.0,54.0
451,22164.0,22222.0,58.0
452,22170.0,22288.0,118.0
453,22185.0,22310.0,125.0
454,22188.0,22318.0,130.0
455,22215.0,22337.0,122.0
456,22278.0,22367.0,89.0
457,22317.0,22424.0,107.0
458,22330.0,22430.0,100.0
459,22358.0,22447.0,89.0
460,22468.0,22528.0,60.0
461,22470.0,22551.0,81.0
462,22513.0,22577.0,64.0
463,22588.0,22649.0,61.0
464,22603.0,22678.0,75.0
465,22673.0,22737.0,64.0
466,22680.0,22770.0,90.0
467,22742.0,22796.0,54.0
468,22753.0,22841.0,88.0
469,22778.0,22859.0,81.0
470,22791.0,22877.0,86.0
471,22878.0,22925.0,47.0
472,22917.0,22978.0,61.0
473,22935.0,22996.0,61.0
474,22940.0,23022.0,82.0
475,23007.0,23066.0,59.0
476,23016.0,23097.0,81.0
477,23019.0,23120.0,101.0
478,23032.0,23151.0,119.0
479,23093.0,23179.0,86.0
480,23095.0,23224.0,129.0
481,23193.0,23256.0,63.0
482,23204.0,23307.0,103.0
483,23290.0,23344.0,54.0
484,23309.0,23369.0,60.0
485,23380.0,23428.0,48.0
486,23401.0,23455.0,54.0
487,23439.0,23494.0,55.0
488,23445.0,23537.0,92.0
489,23447.0,23553.0,106.0
490,23463.0,23592.0,129.0
491,23487.0,23615.0,128.0
492,23546.0,23643.0,97.0
493,23638.0,23693.0,55.0
494,23675.0,23730.0,55.0
495,23706.0,23762.0,56.0
496,23752.0,23804.0,52.0
497,23761.0,23826.0,65.0
498,24006.0,24063.0,57.0
499,24036.0,24097.0,61.0
500,24053.0,24117.0,64.0
501,24058.0,24165.0,107.0
502,24083.0,24190.0,107.0
503,24149.0,24223.0,74.0
504,24206.0,24268.0,62.0
505,24232.0,24289.0,57.0
506,24252.0,24321.0,69.0
507,24299.0,24362.0,63.0
508,24325.0,24384.0,59.0
509,24397.0,24447.0,50.0
510,24442.0,24501.0,59.0
511,24458.0,24518.0,60.0
512,24479.0,24553.0,74.0
513,24504.0,24635.0,131.0
514,24558.0,24620.0,62.0
515,24563.0,24642.0,79.0
516,24694.0,24741.0,47.0
517,24898.0,24948.0,50.0
518,24943.0,25004.0,61.0
519,24946.0,25033.0,87.0
520,25052.0,25099.0,47.0
521,25165.0,25212.0,47.0
522,25197.0,25250.0,53.0
523,25212.0,25286.0,74.0
524,25214.0,25315.0,101.0
525,25336.0,25383.0,47.0
526,25404.0,25451.0,47.0
527,25468.0,25520.0,52.0
528,25502.0,25555.0,53.0
529,25550.0,25597.0,47.0
530,25644.0,25693.0,49.0
531,25657.0,25726.0,69.0
532,25663.0,25768.0,105.0
533,25684.0,25780.0,96.0
534,25698.0,25855.0,157.0
535,25703.0,25810.0,107.0
536,25865.0,25912.0,47.0
537,25985.0,26032.0,47.0
538,26009.0,26072.0,63.0
539,26100.0,26161.0,61.0
540,26125.0,26186.0,61.0
541,26137.0,26213.0,76.0
542,26142.0,26255.0,113.0
543,26151.0,26280.0,129.0
544,26187.0,26303.0,116.0
545,26216.0,26335.0,119.0
546,26251.0,26391.0,140.0
547,26263.0,26412.0,149.0
548,26286.0,26424.0,138.0
549,26310.0,26447.0,137.0
550,26331.0,26481.0,150.0
551,26429.0,26515.0,86.0
552,26461.0,26529.0,68.0
553,26638.0,26697.0,59.0
554,26642.0,26727.0,85.0
555,26644.0,26763.0,119.0
556,26728.0,26778.0,50.0
557,26779.0,26826.0,47.0
558,26864.0,26911.0,47.0
559,26931.0,26980.0,49.0
560,26967.0,27027.0,60.0
561,26970.0,27059.0,89.0
562,27130.0,27177.0,47.0
563,27159.0,27222.0,63.0
564,27164.0,27244.0,80.0
565,27166.0,27275.0,109.0
566,27173.0,27323.0,150.0
567,27211.0,27351.0,140.0
568,27239.0,27355.0,116.0
569,27288.0,27401.0,113.0
570,27290.0,27405.0,115.0
571,27354.0,27458.0,104.0
572,27408.0,27468.0,60.0
573,27502.0,27563.0,61.0
574,27517.0,27595.0,78.0
575,27585.0,27636.0,51.0
576,27587.0,27702.0,115.0
577,27642.0,27734.0,92.0
578,27713.0,27763.0,50.0
579,27846.0,27893.0,47.0
580,27936.0,27992.0,56.0
581,27946.0,28032.0,86.0
582,28036.0,28092.0,56.0
583,28050.0,28131.0,81.0
584,28090.0,28162.0,72.0
585,28157.0,28217.0,60.0
586,28171.0,28251.0,80.0
587,28188.0,28273.0,85.0
588,28232.0,28305.0,73.0
589,28278.0,28334.0,56.0
590,28330.0,28382.0,52.0
591,28342.0,28412.0,70.0
592,28456.0,28503.0,47.0
593,28503.0,28550.0,47.0
594,28576.0,28623.0,47.0
595,28600.0,28652.0,52.0
596,28615.0,28685.0,70.0
597,28618.0,28754.0,136.0
598,28667.0,28725.0,58.0
599,28694.0,28766.0,72.0
600,28708.0,28804.0,96.0
601,28742.0,28829.0,87.0
602,28799.0,28863.0,64.0
603,28808.0,28893.0,85.0
604,28810.0,28926.0,116.0
605,28851.0,28936.0,85.0
606,28860.0,28970.0,110.0
607,28873.0,28995.0,122.0
608,28908.0,29016.0,108.0
609,28922.0,29038.0,116.0
610,28931.0,29071.0,140.0
611,28945.0,29112.0,167.0
612,28951.0,29155.0,204.0
613,28967.0,29167.0,200.0
614,28983.0,29189.0,206.0
615,29005.0,29240.0,235.0
616,29009.0,29240.0,231.0
617,29018.0,29277.0,259.0
618,29067.0,29292.0,225.0
619,29140.0,29370.0,230.0
620,29198.0,29404.0,206.0
621,29224.0,29340.0,116.0
622,29288.0,29408.0,120.0
623,29343.0,29417.0,74.0
624,29436.0,29483.0,47.0
625,29534.0,29591.0,57.0
626,29563.0,29635.0,72.0
627,29586.0,29664.0,78.0
628,29614.0,29674.0,60.0
629,29649.0,29711.0,62.0
630,29683.0,29748.0,65.0
631,29695.0,29773.0,78.0
632,29743.0,29813.0,70.0
633,29841.0,29888.0,47.0
634,29854.0,29904.0,50.0
635,29859.0,29938.0,79.0
636,29917.0,29977.0,60.0
637,29931.0,30001.0,70.0
638,30065.0,30112.0,47.0
639,30118.0,30179.0,61.0
640,30132.0,30211.0,79.0
641,30144.0,30243.0,99.0
642,30148.0,30273.0,125.0
643,30246.0,30313.0,67.0
644,30338.0,30385.0,47.0
645,30532.0,30583.0,51.0
646,30555.0,30616.0,61.0
647,30581.0,30636.0,55.0
648,30659.0,30705.0,46.0
649,30676.0,30746.0,70.0
650,30815.0,30871.0,56.0
651,30841.0,30898.0,57.0
652,30867.0,30935.0,68.0
653,30891.0,30960.0,69.0
654,30985.0,31038.0,53.0
655,30993.0,31060.0,67.0
656,31100.0,31147.0,47.0
657,31168.0,31215.0,47.0
658,31326.0,31373.0,47.0
659,31434.0,31481.0,47.0
660,31480.0,31535.0,55.0
661,31498.0,31555.0,57.0
662,31522.0,31579.0,57.0
663,31585.0,31632.0,47.0
664,31613.0,31673.0,60.0
665,31676.0,31723.0,47.0
666,31750.0,31800.0,50.0
667,31777.0,31855.0,78.0
668,31779.0,31867.0,88.0
669,31892.0,31953.0,61.0
670,31899.0,31982.0,83.0
671,31901.0,32056.0,155.0
672,31973.0,32027.0,54.0
673,32064.0,32111.0,47.0
674,32084.0,32136.0,52.0
675,32156.0,32214.0,58.0
676,32171.0,32251.0,80.0
677,32189.0,32268.0,79.0
678,32251.0,32305.0,54.0
679,32428.0,32475.0,47.0
680,32508.0,32555.0,47.0
681,32590.0,32637.0,47.0
682,32721.0,32773.0,52.0
683,32734.0,32787.0,53.0
684,32882.0,32929.0,47.0
685,32914.0,32964.0,50.0
686,32966.0,33013.0,47.0
687,33106.0,33164.0,58.0
688,33131.0,33186.0,55.0
689,33185.0,33235.0,50.0
690,33204.0,33258.0,54.0
691,33213.0,33286.0,73.0
692,33287.0,33334.0,47.0
693,33311.0,33372.0,61.0
694,33316.0,33405.0,89.0
695,33318.0,33422.0,104.0
696,33383.0,33451.0,68.0
697,33399.0,33484.0,85.0
698,33587.0,33634.0,47.0
699,33637.0,33684.0,47.0
700,33661.0,33724.0,63.0
701,33755.0,33807.0,52.0
702,33760.0,33837.0,77.0
703,33833.0,33883.0,50.0
704,33897.0,33944.0,47.0
705,33972.0,34019.0,47.0
706,34074.0,34121.0,47.0
707,34113.0,34166.0,53.0
708,34168.0,34215.0,47.0
709,34250.0,34297.0,47.0
710,34284.0,34338.0,54.0
711,34360.0,34407.0,47.0
712,34421.0,34468.0,47.0
713,34491.0,34538.0,47.0
714,34511.0,34563.0,52.0
715,34922.0,34983.0,61.0
716,34933.0,35018.0,85.0
717,34954.0,35026.0,72.0
718,34975.0,35061.0,86.0
719,35035.0,35107.0,72.0
720,35057.0,35131.0,74.0
721,35072.0,35161.0,89.0
722,35137.0,35193.0,56.0
723,35169.0,35225.0,56.0
724,35221.0,35272.0,51.0
725,35260.0,35320.0,60.0
726,35275.0,35385.0,110.0
727,35305.0,35414.0,109.0
728,35351.0,35410.0,59.0
729,35361.0,35503.0,142.0
730,35431.0,35489.0,58.0
731,35465.0,35535.0,70.0
732,35468.0,35569.0,101.0
733,35510.0,35588.0,78.0
734,35565.0,35618.0,53.0
735,35573.0,35647.0,74.0
736,35759.0,35806.0,47.0
737,35801.0,35860.0,59.0
738,35828.0,35891.0,63.0
739,35830.0,35911.0,81.0
740,35875.0,35952.0,77.0
741,35881.0,35988.0,107.0
742,35935.0,36035.0,100.0
743,36054.0,36102.0,48.0
744,36089.0,36152.0,63.0
745,36095.0,36182.0,87.0
746,36119.0,36233.0,114.0
747,36198.0,36251.0,53.0
748,36237.0,36292.0,55.0
749,36264.0,36331.0,67.0
750,36301.0,36360.0,59.0
751,36310.0,36409.0,99.0
752,36380.0,36442.0,62.0
753,36391.0,36470.0,79.0
754,36397.0,36503.0,106.0
755,36402.0,36518.0,116.0
756,36605.0,36663.0,58.0
757,36630.0,36685.0,55.0
758,36682.0,36732.0,50.0
759,36684.0,36776.0,92.0
760,36811.0,36858.0,47.0
761,36893.0,36940.0,47.0
762,36939.0,36991.0,52.0
763,36952.0,37007.0,55.0
764,37047.0,37099.0,52.0
765,37081.0,37131.0,50.0
766,37153.0,37200.0,47.0
767,37172.0,37232.0,60.0
768,37213.0,37277.0,64.0
769,37247.0,37309.0,62.0
770,37304.0,37355.0,51.0
771,37342.0,37399.0,57.0
772,37386.0,37440.0,54.0
773,37453.0,37500.0,47.0
774,37462.0,37581.0,119.0
775,37560.0,37612.0,52.0
776,37590.0,37642.0,52.0
777,37610.0,37685.0,75.0
778,37612.0,37727.0,115.0
779,37635.0,37748.0,113.0
780,37709.0,37756.0,47.0
781,37752.0,37802.0,50.0
782,37767.0,37857.0,90.0
783,37817.0,37874.0,57.0
784,37852.0,37903.0,51.0
785,37858.0,37938.0,80.0
786,37949.0,38002.0,53.0
787,37961.0,38041.0,80.0
788,37984.0,38064.0,80.0
789,38019.0,38085.0,66.0
790,38108.0,38155.0,47.0
791,38125.0,38200.0,75.0
792,38170.0,38229.0,59.0
793,38244.0,38291.0,47.0
794,38294.0,38344.0,50.0
795,38312.0,38363.0,51.0
796,38320.0,38401.0,81.0
797,38322.0,38474.0,152.0
798,38353.0,38445.0,92.0
799,38444.0,38499.0,55.0
800,38456.0,38527.0,71.0
801,38469.0,38549.0,80.0
802,38614.0,38667.0,53.0
803,38620.0,38705.0,85.0
804,38696.0,38747.0,51.0
805,38704.0,38807.0,103.0
806,38722.0,38811.0,89.0
807,38743.0,38831.0,88.0
808,38756.0,38864.0,108.0
809,38772.0,38891.0,119.0
810,38885.0,38950.0,65.0
811,38945.0,38993.0,48.0
812,38966.0,39018.0,52.0
813,39005.0,39054.0,49.0
814,39046.0,39099.0,53.0
815,39169.0,39216.0,47.0
816,39211.0,39261.0,50.0
817,39364.0,39415.0,51.0
818,39387.0,39456.0,69.0
819,39430.0,39480.0,50.0
820,39463.0,39517.0,54.0
821,39529.0,39576.0,47.0
822,39570.0,39620.0,50.0
823,39794.0,39841.0,47.0
824,40004.0,40051.0,47.0
825,40024.0,40082.0,58.0
826,40033.0,40118.0,85.0
827,40061.0,40153.0,92.0
828,40125.0,40182.0,57.0
829,40180.0,40233.0,53.0
830,40183.0,40255.0,72.0
831,40270.0,40323.0,53.0
832,40292.0,40343.0,51.0
833,40348.0,40395.0,47.0
834,40411.0,40458.0,47.0
835,40518.0,40565.0,47.0
836,40628.0,40689.0,61.0
837,40638.0,40718.0,80.0
838,40725.0,40775.0,50.0
839,40745.0,40803.0,58.0
840,40766.0,40848.0,82.0
841,40788.0,40880.0,92.0
842,40794.0,40922.0,128.0
843,40796.0,40962.0,166.0
844,40806.0,40973.0,167.0
845,40844.0,41020.0,176.0
846,40873.0,41040.0,167.0
847,40875.0,41100.0,225.0
848,40877.0,41129.0,252.0
849,40884.0,41130.0,246.0
850,40897.0,41137.0,240.0
851,41070.0,41164.0,94.0
852,41129.0,41192.0,63.0
853,41150.0,41222.0,72.0
854,41179.0,41246.0,67.0
855,41284.0,41334.0,50.0
856,41289.0,41378.0,89.0
857,41308.0,41399.0,91.0
858,41328.0,41403.0,75.0
859,41366.0,41485.0,119.0
860,41481.0,41531.0,50.0
861,41603.0,41650.0,47.0
862,41616.0,41669.0,53.0
863,41716.0,41776.0,60.0
864,41731.0,41808.0,77.0
865,41736.0,41811.0,75.0
866,41763.0,41837.0,74.0
867,41770.0,41867.0,97.0
868,41798.0,41923.0,125.0
869,41814.0,41944.0,130.0
870,41826.0,41989.0,163.0
871,41833.0,42002.0,169.0
872,41881.0,42019.0,138.0
873,42077.0,42124.0,47.0
874,42140.0,42192.0,52.0
875,42145.0,42225.0,80.0
876,42193.0,42248.0,55.0
877,42198.0,42271.0,73.0
878,42287.0,42334.0,47.0
879,42344.0,42391.0,47.0
880,42462.0,42509.0,47.0
881,42503.0,42555.0,52.0
882,42516.0,42599.0,83.0
883,42519.0,42617.0,98.0
884,42534.0,42657.0,123.0
885,42536.0,42677.0,141.0
886,42545.0,42688.0,143.0
887,42698.0,42745.0,47.0
888,42722.0,42785.0,63.0
889,42861.0,42910.0,49.0
890,42866.0,42947.0,81.0
891,42882.0,42955.0,73.0
892,43041.0,43097.0,56.0
893,43043.0,43140.0,97.0
894,43093.0,43147.0,54.0
895,43130.0,43194.0,64.0
896,43269.0,43323.0,54.0
897,43272.0,43364.0,92.0
898,43283.0,43397.0,114.0
899,43467.0,43526.0,59.0
900,43469.0,43562.0,93.0
901,43482.0,43597.0,115.0
902,43503.0,43621.0,118.0
903,43507.0,43631.0,124.0
904,43614.0,43679.0,65.0
905,43633.0,43697.0,64.0
906,43820.0,43873.0,53.0
907,43826.0,43895.0,69.0
908,43891.0,43941.0,50.0
909,43962.0,44022.0,60.0
910,43987.0,44049.0,62.0
911,44001.0,44081.0,80.0
912,44003.0,44099.0,96.0
913,44205.0,44253.0,48.0
914,44226.0,44278.0,52.0
915,44281.0,44328.0,47.0
916,44312.0,44362.0,50.0
917,44417.0,44464.0,47.0
918,44472.0,44533.0,61.0
919,44484.0,44562.0,78.0
920,44567.0,44628.0,61.0
921,44579.0,44657.0,78.0
922,44667.0,44714.0,47.0
923,44753.0,44811.0,58.0
924,44766.0,44823.0,57.0
925,44769.0,44869.0,100.0
926,44835.0,44888.0,53.0
927,44837.0,44927.0,90.0
928,44860.0,44955.0,95.0
929,44903.0,44973.0,70.0
930,45166.0,45213.0,47.0
931,45214.0,45262.0,48.0
932,45249.0,45303.0,54.0
933,45382.0,45443.0,61.0
934,45386.0,45472.0,86.0
935,45502.0,45549.0,47.0
936,45546.0,45597.0,51.0
937,45584.0,45638.0,54.0
938,45613.0,45679.0,66.0
939,45661.0,45708.0,47.0
940,45695.0,45752.0,57.0
941,45717.0,45784.0,67.0
942,45862.0,45923.0,61.0
943,45865.0,45952.0,87.0
944,45949.0,46001.0,52.0
945,45954.0,46038.0,84.0
946,45965.0,46049.0,84.0
947,45996.0,46100.0,104.0
948,45998.0,46111.0,113.0
949,46186.0,46242.0,56.0
950,46194.0,46282.0,88.0
951,46298.0,46345.0,47.0
952,46337.0,46404.0,67.0
953,46347.0,46433.0,86.0
954,46489.0,46535.0,46.0
955,46506.0,46579.0,73.0
956,46521.0,46622.0,101.0
957,46559.0,46608.0,49.0
958,46629.0,46676.0,47.0
959,46698.0,46745.0,47.0
960,46758.0,46817.0,59.0
961,46760.0,46861.0,101.0
962,46786.0,46887.0,101.0
963,46821.0,46874.0,53.0
964,46834.0,46932.0,98.0
965,46875.0,46957.0,82.0
966,46877.0,46980.0,103.0
967,46974.0,47037.0,63.0
968,46996.0,47055.0,59.0
969,47040.0,47099.0,59.0
970,47070.0,47138.0,68.0
971,47076.0,47159.0,83.0
972,47088.0,47186.0,98.0
973,47124.0,47209.0,85.0
974,47145.0,47248.0,103.0
975,47152.0,47282.0,130.0
976,47257.0,47310.0,53.0
977,47261.0,47348.0,87.0
978,47298.0,47386.0,88.0
979,47371.0,47425.0,54.0
980,47404.0,47457.0,53.0
981,47458.0,47513.0,55.0
982,47470.0,47550.0,80.0
983,47498.0,47560.0,62.0
984,47550.0,47607.0,57.0
985,47571.0,47631.0,60.0
986,47577.0,47657.0,80.0
987,47592.0,47687.0,95.0
988,47594.0,47717.0,123.0
989,47615.0,47750.0,135.0
990,47693.0,47774.0,81.0
991,47699.0,47792.0,93.0
992,47719.0,47844.0,125.0
993,47759.0,47873.0,114.0
994,47765.0,47891.0,126.0
995,47788.0,47904.0,116.0
996,47825.0,47927.0,102.0
997,47845.0,47961.0,116.0
998,47872.0,47983.0,111.0
999,47973.0,48023.0,50.0
1000,48004.0,48067.0,63.0
1001,48043.0,48092.0,49.0
1002,48053.0,48133.0,80.0
1003,48086.0,48158.0,72.0
1004,48185.0,48236.0,51.0
1005,48195.0,48271.0,76.0
1006,48203.0,48318.0,115.0
1007,48205.0,48327.0,122.0
1008,48247.0,48331.0,84.0
1009,48299.0,48398.0,99.0
1010,48370.0,48419.0,49.0
1011,48523.0,48582.0,59.0
1012,48555.0,48606.0,51.0
1013,48576.0,48669.0,93.0
1014,48599.0,48670.0,71.0
1015,48609.0,48707.0,98.0
1016,48657.0,48731.0,74.0
1017,48702.0,48769.0,67.0
1018,48752.0,48806.0,54.0
1019,48811.0,48858.0,47.0
1020,48859.0,48906.0,47.0
1021,48905.0,48957.0,52.0
1022,48910.0,48987.0,77.0
1023,49012.0,49073.0,61.0
1024,49022.0,49102.0,80.0
1025,49187.0,49245.0,58.0
1026,49212.0,49267.0,55.0
1027,49305.0,49352.0,47.0
1028,49355.0,49402.0,47.0
1029,49413.0,49474.0,61.0
1030,49417.0,49506.0,89.0
1031,49419.0,49538.0,119.0
1032,49434.0,49585.0,151.0
1033,49450.0,49635.0,185.0
1034,49519.0,49661.0,142.0
1035,49546.0,49684.0,138.0
1036,49599.0,49688.0,89.0
1037,49660.0,49718.0,58.0
1038,49662.0,49750.0,88.0
1039,49851.0,49907.0,56.0
1040,49865.0,49947.0,82.0
1041,49938.0,49996.0,58.0
1042,49971.0,50018.0,47.0
1043,50098.0,50145.0,47.0
1044,50211.0,50258.0,47.0
1045,50326.0,50373.0,47.0
1046,50364.0,50418.0,54.0
1047,50417.0,50467.0,50.0
1048,50436.0,50488.0,52.0
1049,50445.0,50526.0,81.0
1050,50476.0,50557.0,81.0
1051,50570.0,50617.0,47.0
1052,50594.0,50662.0,68.0
1053,50634.0,50691.0,57.0
1054,50650.0,50715.0,65.0
1055,50803.0,50858.0,55.0
1056,50819.0,50870.0,51.0
1057,50857.0,50910.0,53.0
1058,50880.0,50950.0,70.0
1059,50988.0,51047.0,59.0
1060,50999.0,51077.0,78.0
1061,51003.0,51109.0,106.0
1062,51144.0,51191.0,47.0
1063,51211.0,51258.0,47.0
1064,51334.0,51381.0,47.0
1065,51358.0,51424.0,66.0
1066,51392.0,51455.0,63.0
1067,51468.0,51515.0,47.0
1068,51499.0,51555.0,56.0
1069,51514.0,51581.0,67.0
1070,51554.0,51607.0,53.0
1071,51658.0,51714.0,56.0
1072,51678.0,51740.0,62.0
1073,51683.0,51755.0,72.0
1074,51690.0,51801.0,111.0
1075,51747.0,51834.0,87.0
1076,51759.0,51859.0,100.0
1077,51907.0,51954.0,47.0
1078,51948.0,51998.0,50.0
1079,52075.0,52130.0,55.0
1080,52088.0,52151.0,63.0
1081,52129.0,52183.0,54.0
1082,52170.0,52224.0,54.0
1083,52244.0,52296.0,52.0
1084,52246.0,52342.0,96.0
1085,52248.0,52384.0,136.0
1086,52257.0,52408.0,151.0
1087,52354.0,52429.0,75.0
1088,52358.0,52462.0,104.0
1089,52405.0,52469.0,64.0
1090,52547.0,52594.0,47.0
1091,52595.0,52642.0,47.0
1092,52641.0,52688.0,47.0
1093,52687.0,52740.0,53.0
1094,52708.0,52759.0,51.0
1095,52813.0,52860.0,47.0
1096,52857.0,52914.0,57.0
1097,52875.0,52932.0,57.0
1098,52915.0,52970.0,55.0
1099,52922.0,52996.0,74.0
1100,52937.0,53040.0,103.0
1101,52995.0,53080.0,85.0
1102,53019.0,53088.0,69.0
1103,53036.0,53129.0,93.0
1104,53086.0,53166.0,80.0
1105,53095.0,53185.0,90.0
1106,53117.0,53211.0,94.0
1107,53124.0,53250.0,126.0
1108,53227.0,53285.0,58.0
1109,53231.0,53346.0,115.0
1110,53245.0,53402.0,157.0
1111,53327.0,53420.0,93.0
1112,53329.0,53449.0,120.0
1113,53349.0,53521.0,172.0
1114,53365.0,53566.0,201.0
1115,53380.0,53584.0,204.0
1116,53508.0,53628.0,120.0
1117,53592.0,53662.0,70.0
1118,53602.0,53700.0,98.0
1119,53639.0,53700.0,61.0
1120,53746.0,53793.0,47.0
1121,53820.0,53867.0,47.0
1122,53893.0,53940.0,47.0
1123,53976.0,54032.0,56.0
1124,53988.0,54072.0,84.0
1125,54112.0,54159.0,47.0
1126,54420.0,54467.0,47.0
1127,54670.0,54720.0,50.0
1128,54697.0,54772.0,75.0
1129,54699.0,54787.0,88.0
1130,54741.0,54832.0,91.0
1131,54759.0,54851.0,92.0
1132,54790.0,54872.0,82.0
1133,54836.0,54890.0,54.0
1134,54884.0,54952.0,68.0
1135,54894.0,54971.0,77.0
1136,54896.0,54996.0,100.0
1137,54940.0,55028.0,88.0
1138,54942.0,55056.0,114.0
1139,54944.0,55127.0,183.0
1140,55004.0,55178.0,174.0
1141,55179.0,55230.0,51.0
1142,55207.0,55274.0,67.0
1143,55217.0,55281.0,64.0
1144,55231.0,55322.0,91.0
1145,55303.0,55360.0,57.0
1146,55306.0,55377.0,71.0
1147,55358.0,55414.0,56.0
1148,55393.0,55455.0,62.0
1149,55448.0,55499.0,51.0
1150,55488.0,55535.0,47.0
1151,55664.0,55711.0,47.0
1152,55707.0,55760.0,53.0
1153,55712.0,55778.0,66.0
1154,55774.0,55827.0,53.0
1155,55806.0,55865.0,59.0
1156,55909.0,55956.0,47.0
1157,55933.0,55999.0,66.0
1158,55960.0,56020.0,60.0
1159,56022.0,56075.0,53.0
1160,56050.0,56127.0,77.0
1161,56066.0,56147.0,81.0
1162,56088.0,56179.0,91.0
1163,56180.0,56227.0,47.0
1164,56291.0,56338.0,47.0
1165,56311.0,56363.0,52.0
1166,56321.0,56395.0,74.0
1167,56414.0,56467.0,53.0
1168,56421.0,56508.0,87.0
1169,56491.0,56545.0,54.0
1170,56582.0,56629.0,47.0
1171,56692.0,56739.0,47.0
1172,56708.0,56765.0,57.0
1173,56711.0,56789.0,78.0
1174,56767.0,56825.0,58.0
1175,56796.0,56862.0,66.0
1176,56895.0,56942.0,47.0
1177,56985.0,57033.0,48.0
1178,57020.0,57075.0,55.0
1179,57044.0,57103.0,59.0
1180,57126.0,57172.0,46.0
1181,57143.0,57213.0,70.0
1182,57231.0,57278.0,47.0
1183,57263.0,57314.0,51.0
1184,57301.0,57376.0,75.0
1185,57346.0,57396.0,50.0
1186,57432.0,57486.0,54.0
1187,57459.0,57523.0,64.0
1188,57495.0,57553.0,58.0
1189,57671.0,57727.0,56.0
1190,57682.0,57770.0,88.0
1191,57743.0,57794.0,51.0
1192,57782.0,57835.0,53.0
1193,57820.0,57873.0,53.0
1194,57831.0,57900.0,69.0
1195,57868.0,57928.0,60.0
1196,57888.0,57949.0,61.0
1197,57918.0,57985.0,67.0
1198,57937.0,58020.0,83.0
1199,57980.0,58040.0,60.0
1200,58020.0,58077.0,57.0
1201,58117.0,58164.0,47.0
1202,58193.0,58242.0,49.0
1203,58211.0,58261.0,50.0
1204,58229.0,58304.0,75.0
1205,58275.0,58325.0,50.0
1206,58287.0,58365.0,78.0
1207,58322.0,58394.0,72.0
1208,58439.0,58486.0,47.0
1209,58471.0,58521.0,50.0
1210,58591.0,58638.0,47.0
1211,58600.0,58705.0,105.0
1212,58622.0,58733.0,111.0
1213,58631.0,58744.0,113.0
1214,58658.0,58791.0,133.0
1215,58715.0,58795.0,80.0
1216,58759.0,58826.0,67.0
1217,58787.0,58854.0,67.0
1218,58810.0,58912.0,102.0
1219,58822.0,58916.0,94.0
1220,58960.0,59007.0,47.0
1221,58977.0,59044.0,67.0
1222,59076.0,59133.0,57.0
1223,59105.0,59168.0,63.0
1224,59187.0,59237.0,50.0
1225,59227.0,59277.0,50.0
1226,59472.0,59519.0,47.0
1227,59529.0,59579.0,50.0
1228,59566.0,59620.0,54.0
1229,59653.0,59709.0,56.0
1230,59667.0,59754.0,87.0
1231,59679.0,59797.0,118.0
1232,59681.0,59827.0,146.0
1233,59746.0,59867.0,121.0
1234,59827.0,59875.0,48.0
1235,59998.0,60045.0,47.0
1236,60039.0,60095.0,56.0
1237,60045.0,60118.0,73.0
1238,60047.0,60143.0,96.0
1239,60202.0,60263.0,61.0
1240,60216.0,60295.0,79.0
1241,60234.0,60303.0,69.0
1242,60335.0,60382.0,47.0
1243,60378.0,60431.0,53.0
1244,60406.0,60472.0,66.0
1245,60440.0,60502.0,62.0
1246,60455.0,60540.0,85.0
1247,60541.0,60591.0,50.0
1248,60558.0,60627.0,69.0
1249,60562.0,60662.0,100.0
1250,60603.0,60679.0,76.0
1251,60606.0,60700.0,94.0
1252,60668.0,60742.0,74.0
1253,60699.0,60761.0,62.0
1254,60792.0,60838.0,46.0
1255,60809.0,60886.0,77.0
1256,60815.0,60920.0,105.0
1257,60834.0,60950.0,116.0
1258,60842.0,60950.0,108.0
1259,60883.0,60982.0,99.0
1260,60918.0,61022.0,104.0
1261,60978.0,61049.0,71.0
1262,61001.0,61067.0,66.0
1263,61132.0,61179.0,47.0
1264,61179.0,61226.0,47.0
1265,61242.0,61289.0,47.0
1266,61339.0,61395.0,56.0
1267,61346.0,61428.0,82.0
1268,61354.0,61465.0,111.0
1269,61356.0,61538.0,182.0
1270,61360.0,61598.0,238.0
1271,61362.0,61627.0,265.0
1272,61524.0,61656.0,132.0
1273,61632.0,61686.0,54.0
1274,61692.0,61739.0,47.0
1275,61768.0,61817.0,49.0
1276,61804.0,61868.0,64.0
1277,61810.0,61897.0,87.0
1278,61830.0,61953.0,123.0
1279,61838.0,61952.0,114.0
1280,61868.0,61956.0,88.0
1281,61900.0,62014.0,114.0
1282,61970.0,62037.0,67.0
1283,61974.0,62071.0,97.0
1284,61982.0,62090.0,108.0
1285,62004.0,62136.0,132.0
1286,62006.0,62143.0,137.0
1287,62095.0,62179.0,84.0
1288,62125.0,62222.0,97.0
1289,62168.0,62226.0,58.0
1290,62212.0,62281.0,69.0
1291,62232.0,62291.0,59.0
1292,62330.0,62380.0,50.0
1293,62370.0,62426.0,56.0
1294,62394.0,62465.0,71.0
1295,62492.0,62549.0,57.0
1296,62507.0,62581.0,74.0
1297,62519.0,62614.0,95.0
1298,62621.0,62667.0,46.0
1299,62638.0,62708.0,70.0
1300,62687.0,62737.0,50.0
1301,62734.0,62785.0,51.0
1302,62775.0,62825.0,50.0
1303,62877.0,62927.0,50.0
1304,62919.0,62968.0,49.0
1305,62922.0,63046.0,124.0
1306,63038.0,63103.0,65.0
1307,63051.0,63107.0,56.0
1308,63053.0,63159.0,106.0
1309,63086.0,63178.0,92.0
1310,63098.0,63183.0,85.0
1311,63176.0,63226.0,50.0
1312,63223.0,63271.0,48.0
1313,63299.0,63352.0,53.0
1314,63301.0,63390.0,89.0
1315,63415.0,63462.0,47.0
1316,63436.0,63491.0,55.0
1317,63442.0,63515.0,73.0
1318,63479.0,63539.0,60.0
1319,63524.0,63578.0,54.0
1320,63529.0,63604.0,75.0
1321,63541.0,63642.0,101.0
1322,63645.0,63692.0,47.0
1323,63694.0,63745.0,51.0
1324,63710.0,63763.0,53.0
1325,63751.0,63808.0,57.0
1326,63763.0,63839.0,76.0
1327,63952.0,64011.0,59.0
1328,63964.0,64049.0,85.0
1329,63974.0,64078.0,104.0
1330,63988.0,64121.0,133.0
1331,64059.0,64146.0,87.0
1332,64091.0,64142.0,51.0
1333,64100.0,64186.0,86.0
1334,64110.0,64217.0,107.0
1335,64116.0,64265.0,149.0
1336,64158.0,64275.0,117.0
1337,64244.0,64304.0,60.0
1338,64341.0,64391.0,50.0
1339,64386.0,64442.0,56.0
1340,64392.0,64490.0,98.0
1341,64396.0,64523.0,127.0
1342,64408.0,64557.0,149.0
1343,64410.0,64597.0,187.0
1344,64428.0,64617.0,189.0
1345,64430.0,64692.0,262.0
1346,64472.0,64715.0,243.0
1347,64495.0,64627.0,132.0
1348,64533.0,64743.0,210.0
1349,64535.0,64778.0,243.0
1350,64592.0,64847.0,255.0
1351,64654.0,64851.0,197.0
1352,64685.0,64897.0,212.0
1353,64712.0,64898.0,186.0
1354,64718.0,64919.0,201.0
1355,65062.0,65113.0,51.0
1356,65088.0,65142.0,54.0
1357,65151.0,65205.0,54.0
1358,65178.0,65238.0,60.0
1359,65236.0,65292.0,56.0
1360,65247.0,65332.0,85.0
1361,65288.0,65339.0,51.0
1362,65378.0,65425.0,47.0
1363,65437.0,65496.0,59.0
1364,65451.0,65519.0,68.0
1365,65478.0,65545.0,67.0
1366,65566.0,65613.0,47.0
1367,65608.0,65661.0,53.0
1368,65613.0,65676.0,63.0
1369,65715.0,65762.0,47.0
1370,65827.0,65877.0,50.0
1371,65846.0,65896.0,50.0
1372,66015.0,66062.0,47.0
1373,66069.0,66118.0,49.0
1374,66105.0,66159.0,54.0
1375,66114.0,66190.0,76.0
1376,66121.0,66227.0,106.0
1377,66171.0,66259.0,88.0
1378,66232.0,66289.0,57.0
1379,66265.0,66321.0,56.0
1380,66293.0,66346.0,53.0
1381,66421.0,66472.0,51.0
1382,66444.0,66510.0,66.0
1383,66486.0,66533.0,47.0
1384,66513.0,66584.0,71.0
1385,66517.0,66606.0,89.0
1386,66551.0,66644.0,93.0
1387,66559.0,66665.0,106.0
1388,66696.0,66743.0,47.0
1389,66750.0,66797.0,47.0
1390,66800.0,66847.0,47.0
1391,66856.0,66902.0,46.0
1392,66873.0,66943.0,70.0
1393,66904.0,66966.0,62.0
1394,66944.0,67001.0,57.0
1395,66960.0,67022.0,62.0
1396,66973.0,67058.0,85.0
1397,67048.0,67101.0,53.0
1398,67078.0,67128.0,50.0
1399,67135.0,67182.0,47.0
1400,67244.0,67291.0,47.0
1401,67327.0,67388.0,61.0
1402,67339.0,67417.0,78.0
1403,67387.0,67446.0,59.0
1404,67464.0,67511.0,47.0
1405,67591.0,67638.0,47.0
1406,67596.0,67677.0,81.0
1407,67752.0,67801.0,49.0
1408,67770.0,67821.0,51.0
1409,67844.0,67901.0,57.0
1410,67854.0,67935.0,81.0
1411,67890.0,67952.0,62.0
1412,68038.0,68098.0,60.0
1413,68067.0,68132.0,65.0
1414,68091.0,68149.0,58.0
1415,68160.0,68218.0,58.0
1416,68185.0,68240.0,55.0
1417,68398.0,68445.0,47.0
1418,68446.0,68496.0,50.0
1419,68451.0,68528.0,77.0
1420,68472.0,68564.0,92.0
1421,68481.0,68605.0,124.0
1422,68483.0,68649.0,166.0
1423,68535.0,68668.0,133.0
1424,68590.0,68662.0,72.0
1425,68592.0,68698.0,106.0
1426,68630.0,68733.0,103.0
1427,68652.0,68789.0,137.0
1428,68691.0,68796.0,105.0
1429,68709.0,68810.0,101.0
1430,68810.0,68857.0,47.0
1431,68849.0,68905.0,56.0
1432,68867.0,68923.0,56.0
1433,68902.0,68963.0,61.0
1434,68914.0,69000.0,86.0
1435,68924.0,69017.0,93.0
1436,68973.0,69055.0,82.0
1437,69026.0,69077.0,51.0
1438,69030.0,69139.0,109.0
1439,69129.0,69179.0,50.0
1440,69190.0,69240.0,50.0
1441,69230.0,69283.0,53.0
1442,69266.0,69320.0,54.0
1443,69363.0,69410.0,47.0
1444,69463.0,69512.0,49.0
1445,69481.0,69531.0,50.0
1446,69496.0,69563.0,67.0
1447,69596.0,69643.0,47.0
1448,69615.0,69671.0,56.0
1449,69627.0,69728.0,101.0
1450,69634.0,69739.0,105.0
1451,69671.0,69757.0,86.0
1452,69801.0,69855.0,54.0
1453,69804.0,69896.0,92.0
1454,69816.0,69932.0,116.0
1455,69872.0,69943.0,71.0
1456,69942.0,69989.0,47.0
1457,70026.0,70082.0,56.0
1458,70038.0,70123.0,85.0
1459,70065.0,70133.0,68.0
1460,70080.0,70178.0,98.0
1461,70192.0,70253.0,61.0
1462,70206.0,70284.0,78.0
1463,70239.0,70306.0,67.0
1464,70251.0,70338.0,87.0
1465,70259.0,70350.0,91.0
1466,70295.0,70399.0,104.0
1467,70341.0,70429.0,88.0
1468,70344.0,70497.0,153.0
1469,70355.0,70547.0,192.0
1470,70384.0,70576.0,192.0
1471,70408.0,70580.0,172.0
1472,70486.0,70622.0,136.0
1473,70492.0,70703.0,211.0
1474,70494.0,70702.0,208.0
1475,70556.0,70699.0,143.0
1476,70559.0,70755.0,196.0
1477,70615.0,70683.0,68.0
1478,70654.0,70765.0,111.0
1479,70657.0,70791.0,134.0
1480,70665.0,70839.0,174.0
1481,70694.0,70913.0,219.0
1482,70736.0,70931.0,195.0
1483,70753.0,70935.0,182.0
1484,70765.0,70886.0,121.0
1485,70833.0,71007.0,174.0
1486,70862.0,71011.0,149.0
1487,70898.0,71043.0,145.0
1488,71012.0,71062.0,50.0
1489,71097.0,71144.0,47.0
1490,71136.0,71189.0,53.0
1491,71384.0,71434.0,50.0
1492,71397.0,71452.0,55.0
1493,71416.0,71496.0,80.0
1494,71459.0,71510.0,51.0
1495,71662.0,71723.0,61.0
1496,71687.0,71743.0,56.0
1497,71713.0,71772.0,59.0
1498,71749.0,71812.0,63.0
1499,71847.0,71895.0,48.0
1500,71882.0,71936.0,54.0
1501,71971.0,72018.0,47.0
1502,72047.0,72104.0,57.0
1503,72053.0,72139.0,86.0
1504,72061.0,72172.0,111.0
1505,72097.0,72199.0,102.0
1506,72101.0,72218.0,117.0
1507,72110.0,72240.0,130.0
1508,72158.0,72280.0,122.0
1509,72180.0,72302.0,122.0
1510,72386.0,72440.0,54.0
1511,72412.0,72474.0,62.0
1512,72433.0,72512.0,79.0
1513,72435.0,72553.0,118.0
1514,72481.0,72577.0,96.0
1515,72506.0,72581.0,75.0
1516,72515.0,72653.0,138.0
1517,72517.0,72697.0,180.0
1518,72565.0,72662.0,97.0
1519,72568.0,72730.0,162.0
1520,72587.0,72740.0,153.0
1521,72595.0,72751.0,156.0
1522,72780.0,72830.0,50.0
1523,72820.0,72870.0,50.0
1524,72828.0,72903.0,75.0
1525,72965.0,73012.0,47.0
1526,73051.0,73098.0,47.0
1527,73142.0,73189.0,47.0
1528,73192.0,73241.0,49.0
1529,73228.0,73282.0,54.0
1530,73265.0,73313.0,48.0
1531,73297.0,73350.0,53.0
1532,73312.0,73397.0,85.0
1533,73329.0,73417.0,88.0
1534,73333.0,73427.0,94.0
1535,73378.0,73467.0,89.0
1536,73382.0,73509.0,127.0
1537,73386.0,73546.0,160.0
1538,73428.0,73560.0,132.0
1539,73462.0,73577.0,115.0
1540,73613.0,73660.0,47.0
1541,73622.0,73735.0,113.0
1542,73737.0,73784.0,47.0
1543,73857.0,73918.0,61.0
1544,73867.0,73956.0,89.0
1545,73919.0,73975.0,56.0
1546,73934.0,74021.0,87.0
1547,73978.0,74053.0,75.0
1548,74003.0,74060.0,57.0
1549,74141.0,74201.0,60.0
1550,74170.0,74229.0,59.0
1551,74175.0,74253.0,78.0
1552,74193.0,74299.0,106.0
1553,74205.0,74303.0,98.0
1554,74223.0,74366.0,143.0
1555,74260.0,74385.0,125.0
1556,74271.0,74435.0,164.0
1557,74284.0,74519.0,235.0
1558,74315.0,74529.0,214.0
1559,74347.0,74572.0,225.0
1560,74444.0,74497.0,53.0
1561,74451.0,74609.0,158.0
1562,74453.0,74640.0,187.0
1563,74545.0,74676.0,131.0
1564,74643.0,74694.0,51.0
1565,74664.0,74721.0,57.0
1566,74696.0,74760.0,64.0
1567,74729.0,74793.0,64.0
1568,74751.0,74825.0,74.0
1569,74753.0,74850.0,97.0
1570,74765.0,74888.0,123.0
1571,74793.0,74916.0,123.0
1572,74909.0,74959.0,50.0
1573,74977.0,75024.0,47.0
1574,75036.0,75090.0,54.0
1575,75063.0,75123.0,60.0
1576,75140.0,75187.0,47.0
1577,75188.0,75249.0,61.0
1578,75191.0,75278.0,87.0
1579,75205.0,75356.0,151.0
1580,75418.0,75465.0,47.0
1581,75572.0,75633.0,61.0
1582,75587.0,75664.0,77.0
1583,75647.0,75710.0,63.0
1584,75660.0,75717.0,57.0
1585,75712.0,75762.0,50.0
1586,75720.0,75816.0,96.0
1587,75745.0,75837.0,92.0
1588,75765.0,75870.0,105.0
1589,75791.0,75879.0,88.0
1590,76038.0,76085.0,47.0
1591,76099.0,76145.0,46.0
1592,76116.0,76186.0,70.0
1593,76220.0,76267.0,47.0
1594,76254.0,76308.0,54.0
1595,76353.0,76414.0,61.0
1596,76359.0,76447.0,88.0
1597,76396.0,76463.0,67.0
1598,76591.0,76638.0,47.0
1599,76646.0,76696.0,50.0
1600,76691.0,76747.0,56.0
1601,76699.0,76792.0,93.0
1602,76702.0,76811.0,109.0
1603,76722.0,76858.0,136.0
1604,76742.0,76892.0,150.0
1605,76818.0,76893.0,75.0
1606,76849.0,76927.0,78.0
1607,76890.0,76959.0,69.0
1608,76900.0,76986.0,86.0
1609,76902.0,77011.0,109.0
1610,76919.0,77040.0,121.0
1611,76921.0,77097.0,176.0
1612,76926.0,77118.0,192.0
1613,76970.0,77147.0,177.0
1614,76993.0,77168.0,175.0
1615,77008.0,77157.0,149.0
1616,77104.0,77195.0,91.0
1617,77106.0,77213.0,107.0
1618,77116.0,77269.0,153.0
1619,77169.0,77284.0,115.0
1620,77268.0,77325.0,57.0
1621,77347.0,77394.0,47.0
1622,77429.0,77481.0,52.0
1623,77455.0,77523.0,68.0
1624,77459.0,77559.0,100.0
1625,77506.0,77573.0,67.0
1626,77511.0,77607.0,96.0
1627,77652.0,77702.0,50.0
1628,77671.0,77721.0,50.0
1629,77723.0,77782.0,59.0
1630,77755.0,77804.0,49.0
1631,77797.0,77847.0,50.0
1632,77846.0,77893.0,47.0
1633,77916.0,77963.0,47.0
1634,78007.0,78054.0,47.0
1635,78012.0,78096.0,84.0
1636,78075.0,78125.0,50.0
1637,78260.0,78310.0,50.0
1638,78279.0,78335.0,56.0
1639,78288.0,78366.0,78.0
1640,78303.0,78414.0,111.0
1641,78321.0,78425.0,104.0
1642,78352.0,78460.0,108.0
1643,78408.0,78485.0,77.0
1644,78516.0,78563.0,47.0
1645,78580.0,78631.0,51.0
1646,78592.0,78672.0,80.0
1647,78602.0,78686.0,84.0
1648,78628.0,78710.0,82.0
1649,78860.0,78911.0,51.0
1650,78862.0,78938.0,76.0
1651,78909.0,78967.0,58.0
1652,78948.0,79004.0,56.0
1653,79020.0,79076.0,56.0
1654,79036.0,79090.0,54.0
1655,79068.0,79122.0,54.0
1656,79108.0,79158.0,50.0
1657,79113.0,79201.0,88.0
1658,79122.0,79253.0,131.0
1659,79165.0,79238.0,73.0
1660,79204.0,79270.0,66.0
1661,79264.0,79320.0,56.0
1662,79296.0,79350.0,54.0
1663,79352.0,79399.0,47.0
1664,79391.0,79446.0,55.0
1665,79412.0,79462.0,50.0
1666,79462.0,79509.0,47.0
1667,79516.0,79563.0,47.0
1668,79598.0,79645.0,47.0
1669,79662.0,79718.0,56.0
1670,79690.0,79757.0,67.0
1671,79944.0,79992.0,48.0
1672,79979.0,80033.0,54.0
1673,80052.0,80099.0,47.0
1674,80094.0,80144.0,50.0
1675,80166.0,80213.0,47.0
1676,80218.0,80265.0,47.0
1677,80392.0,80441.0,49.0
1678,80428.0,80490.0,62.0
1679,80455.0,80518.0,63.0
1680,80484.0,80553.0,69.0
1681,80566.0,80613.0,47.0
1682,80627.0,80674.0,47.0
1683,80689.0,80736.0,47.0
1684,80759.0,80807.0,48.0
1685,80794.0,80848.0,54.0
1686,80901.0,80950.0,49.0
1687,80919.0,80971.0,52.0
1688,80980.0,81027.0,47.0
1689,81014.0,81085.0,71.0
1690,81019.0,81114.0,95.0
1691,81196.0,81243.0,47.0
1692,81266.0,81315.0,49.0
1693,81275.0,81397.0,122.0
1694,81283.0,81430.0,147.0
1695,81288.0,81449.0,161.0
1696,81300.0,81511.0,211.0
1697,81305.0,81515.0,210.0
1698,81366.0,81577.0,211.0
1699,81395.0,81581.0,186.0
1700,81398.0,81605.0,207.0
1701,81530.0,81642.0,112.0
1702,81583.0,81681.0,98.0
1703,81586.0,81738.0,152.0
1704,81588.0,81720.0,132.0
1705,81666.0,81761.0,95.0
1706,81668.0,81804.0,136.0
1707,81709.0,81834.0,125.0
1708,81729.0,81834.0,105.0
1709,81733.0,81896.0,163.0
1710,81779.0,81948.0,169.0
1711,81854.0,81951.0,97.0
1712,81858.0,81995.0,137.0
1713,81865.0,82022.0,157.0
1714,81945.0,82049.0,104.0
1715,81969.0,82040.0,71.0
1716,81987.0,82110.0,123.0
1717,81994.0,82124.0,130.0
1718,82013.0,82149.0,136.0
1719,82131.0,82183.0,52.0
1720,82153.0,82226.0,73.0
1721,82189.0,82243.0,54.0
1722,82206.0,82289.0,83.0
1723,82233.0,82292.0,59.0
1724,82257.0,82329.0,72.0
1725,82302.0,82366.0,64.0
1726,82330.0,82391.0,61.0
1727,82400.0,82453.0,53.0
1728,82415.0,82475.0,60.0
1729,82531.0,82578.0,47.0
1730,82563.0,82620.0,57.0
1731,82582.0,82646.0,64.0
1732,82606.0,82676.0,70.0
1733,82636.0,82720.0,84.0
1734,82663.0,82724.0,61.0
1735,82723.0,82770.0,47.0
1736,82747.0,82810.0,63.0
1737,82822.0,82869.0,47.0
1738,82923.0,82973.0,50.0
1739,82960.0,83014.0,54.0
1740,83011.0,83061.0,50.0
1741,83014.0,83106.0,92.0
1742,83159.0,83206.0,47.0
1743,83308.0,83355.0,47.0
1744,83359.0,83406.0,47.0
1745,83390.0,83446.0,56.0
1746,83419.0,83474.0,55.0
1747,83523.0,83584.0,61.0
1748,83534.0,83613.0,79.0
1749,83652.0,83699.0,47.0
1750,83737.0,83784.0,47.0
1751,83757.0,83811.0,54.0
1752,83759.0,83848.0,89.0
1753,83811.0,83870.0,59.0
1754,83820.0,83918.0,98.0
1755,83862.0,83936.0,74.0
1756,83892.0,83953.0,61.0
1757,84044.0,84094.0,50.0
1758,84089.0,84138.0,49.0
1759,84125.0,84179.0,54.0
1760,84202.0,84249.0,47.0
1761,84222.0,84272.0,50.0
1762,84302.0,84349.0,47.0
1763,84355.0,84405.0,50.0
1764,84387.0,84437.0,50.0
1765,84389.0,84478.0,89.0
1766,84456.0,84523.0,67.0
1767,84464.0,84544.0,80.0
1768,84546.0,84593.0,47.0
1769,84604.0,84654.0,50.0
1770,84613.0,84734.0,121.0
1771,84647.0,84715.0,68.0
1772,84651.0,84750.0,99.0
1773,84722.0,84789.0,67.0
1774,84733.0,84829.0,96.0
1775,84940.0,84993.0,53.0
1776,84950.0,85015.0,65.0
1777,85118.0,85175.0,57.0
1778,85145.0,85196.0,51.0
1779,85219.0,85266.0,47.0
1780,85228.0,85347.0,119.0
1781,85272.0,85322.0,50.0
1782,85348.0,85408.0,60.0
1783,85359.0,85443.0,84.0
1784,85390.0,85454.0,64.0
1785,85511.0,85558.0,47.0
1786,85645.0,85692.0,47.0
1787,85692.0,85739.0,47.0
1788,85701.0,85820.0,119.0
1789,85868.0,85918.0,50.0
1790,85901.0,85955.0,54.0
1791,85977.0,86034.0,57.0
1792,85979.0,86075.0,96.0
1793,86004.0,86100.0,96.0
1794,86014.0,86156.0,142.0
1795,86043.0,86176.0,133.0
1796,86079.0,86183.0,104.0
1797,86099.0,86222.0,123.0
1798,86126.0,86249.0,123.0
1799,86180.0,86249.0,69.0
1800,86224.0,86290.0,66.0
1801,86244.0,86322.0,78.0
1802,86298.0,86348.0,50.0
1803,86410.0,86467.0,57.0
1804,86433.0,86493.0,60.0
1805,86435.0,86553.0,118.0
1806,86444.0,86538.0,94.0
1807,86503.0,86569.0,66.0
1808,86507.0,86639.0,132.0
1809,86517.0,86610.0,93.0
1810,86530.0,86694.0,164.0
1811,86593.0,86718.0,125.0
1812,86599.0,86753.0,154.0
1813,86679.0,86754.0,75.0
1814,86717.0,86772.0,55.0
1815,86739.0,86815.0,76.0
1816,86757.0,86848.0,91.0
1817,86764.0,86923.0,159.0
1818,86857.0,86915.0,58.0
1819,86922.0,86969.0,47.0
1820,87008.0,87069.0,61.0
1821,87010.0,87098.0,88.0
1822,87092.0,87144.0,52.0
1823,87104.0,87177.0,73.0
1824,87116.0,87221.0,105.0
1825,87288.0,87338.0,50.0
1826,87291.0,87378.0,87.0
1827,87297.0,87449.0,152.0
1828,87301.0,87382.0,81.0
1829,87319.0,87534.0,215.0
1830,87385.0,87571.0,186.0
1831,87427.0,87592.0,165.0
1832,87471.0,87593.0,122.0
1833,87479.0,87623.0,144.0
1834,87502.0,87603.0,101.0
1835,87535.0,87645.0,110.0
1836,87557.0,87688.0,131.0
1837,87579.0,87740.0,161.0
1838,87724.0,87790.0,66.0
1839,87730.0,87840.0,110.0
1840,87769.0,87841.0,72.0
1841,87772.0,87878.0,106.0
1842,87774.0,87902.0,128.0
1843,87803.0,87927.0,124.0
1844,87812.0,87982.0,170.0
1845,87820.0,88019.0,199.0
1846,87833.0,88037.0,204.0
1847,87849.0,88081.0,232.0
1848,87863.0,88114.0,251.0
1849,87880.0,88128.0,248.0
1850,87923.0,88160.0,237.0
1851,88000.0,88186.0,186.0
1852,88003.0,88215.0,212.0
1853,88011.0,88267.0,256.0
1854,88092.0,88268.0,176.0
1855,88100.0,88305.0,205.0
1856,88104.0,88317.0,213.0
1857,88106.0,88369.0,263.0
1858,88122.0,88400.0,278.0
1859,88152.0,88401.0,249.0
1860,88400.0,88451.0,51.0
1861,88415.0,88472.0,57.0
1862,88445.0,88505.0,60.0
1863,88516.0,88563.0,47.0
1864,88619.0,88670.0,51.0
1865,88646.0,88703.0,57.0
1866,88658.0,88729.0,71.0
1867,88742.0,88789.0,47.0
1868,88747.0,88831.0,84.0
1869,88852.0,88899.0,47.0
1870,88908.0,88966.0,58.0
1871,88933.0,88988.0,55.0
1872,89003.0,89050.0,47.0
1873,89022.0,89080.0,58.0
1874,89030.0,89108.0,78.0
1875,89045.0,89137.0,92.0
1876,89077.0,89157.0,80.0
1877,89151.0,89216.0,65.0
1878,89159.0,89229.0,70.0
1879,89179.0,89254.0,75.0
1880,89228.0,89297.0,69.0
1881,89230.0,89315.0,85.0
1882,89257.0,89351.0,94.0
1883,89393.0,89440.0,47.0
1884,89451.0,89511.0,60.0
1885,89466.0,89546.0,80.0
1886,89482.0,89579.0,97.0
1887,89560.0,89616.0,56.0
1888,89637.0,89684.0,47.0
1889,89692.0,89739.0,47.0
1890,89739.0,89790.0,51.0
1891,89765.0,89819.0,54.0
1892,89935.0,89982.0,47.0
1893,89981.0,90032.0,51.0
1894,89997.0,90050.0,53.0
1895,90089.0,90136.0,47.0
1896,90210.0,90260.0,50.0
1897,90243.0,90297.0,54.0
1898,90370.0,90417.0,47.0
1899,90391.0,90447.0,56.0
1900,90393.0,90477.0,84.0
1901,90406.0,90497.0,91.0
1902,90597.0,90644.0,47.0
1903,90796.0,90843.0,47.0
1904,90868.0,90927.0,59.0
1905,90900.0,90952.0,52.0
1906,90902.0,90996.0,94.0
1907,90922.0,91028.0,106.0
1908,90986.0,91060.0,74.0
1909,91161.0,91208.0,47.0
1910,91204.0,91254.0,50.0
1911,91370.0,91417.0,47.0
1912,91541.0,91588.0,47.0
1913,91734.0,91781.0,47.0
1914,91913.0,91960.0,47.0
1915,92002.0,92052.0,50.0
1916,92021.0,92078.0,57.0
1917,92042.0,92113.0,71.0
1918,92086.0,92136.0,50.0
1919,92151.0,92198.0,47.0
1920,92230.0,92277.0,47.0
1921,92284.0,92331.0,47.0
1922,92334.0,92381.0,47.0
1923,92412.0,92471.0,59.0
1924,92424.0,92494.0,70.0
1925,92453.0,92520.0,67.0
1926,92596.0,92643.0,47.0
1927,92664.0,92714.0,50.0
1928,92686.0,92739.0,53.0
1929,92701.0,92776.0,75.0
1930,92800.0,92847.0,47.0
1931,92848.0,92895.0,47.0
1932,92867.0,92924.0,57.0
1933,92874.0,92949.0,75.0
1934,92961.0,93008.0,47.0
1935,93111.0,93158.0,47.0
1936,93304.0,93351.0,47.0
1937,93369.0,93422.0,53.0
1938,93380.0,93471.0,91.0
1939,93408.0,93482.0,74.0
1940,93573.0,93620.0,47.0
1941,93691.0,93738.0,47.0
1942,93894.0,93941.0,47.0
1943,93955.0,94007.0,52.0
1944,93971.0,94032.0,61.0
1945,93973.0,94067.0,94.0
1946,93980.0,94110.0,130.0
1947,94095.0,94145.0,50.0
1948,94157.0,94216.0,59.0
1949,94163.0,94254.0,91.0
1950,94184.0,94283.0,99.0
1951,94190.0,94326.0,136.0
1952,94263.0,94315.0,52.0
1953,94285.0,94382.0,97.0
1954,94343.0,94390.0,47.0
1955,94422.0,94469.0,47.0
1956,94483.0,94544.0,61.0
1957,94498.0,94573.0,75.0
1958,94570.0,94620.0,50.0
1959,94656.0,94703.0,47.0
1960,94759.0,94806.0,47.0
1961,94803.0,94857.0,54.0
1962,94836.0,94895.0,59.0
1963,94858.0,94924.0,66.0
1964,94898.0,94964.0,66.0
1965,94901.0,94986.0,85.0
1966,94940.0,95013.0,73.0
1967,95003.0,95056.0,53.0
1968,95031.0,95099.0,68.0
1969,95055.0,95148.0,93.0
1970,95079.0,95149.0,70.0
1971,95097.0,95192.0,95.0
1972,95106.0,95244.0,138.0
1973,95133.0,95261.0,128.0
1974,95154.0,95294.0,140.0
1975,95188.0,95344.0,156.0
1976,95194.0,95343.0,149.0
1977,95212.0,95395.0,183.0
1978,95223.0,95398.0,175.0
1979,95225.0,95418.0,193.0
1980,95230.0,95445.0,215.0
1981,95244.0,95491.0,247.0
1982,95288.0,95526.0,238.0
1983,95335.0,95540.0,205.0
1984,95339.0,95580.0,241.0
1985,95427.0,95581.0,154.0
1986,95458.0,95624.0,166.0
1987,95465.0,95672.0,207.0
1988,95489.0,95695.0,206.0
1989,95588.0,95705.0,117.0
1990,95619.0,95743.0,124.0
1991,95636.0,95772.0,136.0
1992,95660.0,95776.0,116.0
1993,95669.0,95807.0,138.0
1994,95843.0,95890.0,47.0
1995,95904.0,95957.0,53.0
1996,95907.0,95995.0,88.0
1997,96090.0,96137.0,47.0
1998,96245.0,96295.0,50.0
1999,96272.0,96350.0,78.0
2000,96274.0,96362.0,88.0
2001,96369.0,96416.0,47.0
2002,96546.0,96593.0,47.0
2003,96594.0,96647.0,53.0
2004,96604.0,96680.0,76.0
2005,96607.0,96687.0,80.0
2006,96662.0,96730.0,68.0
2007,96766.0,96822.0,56.0
2008,96770.0,96862.0,92.0
2009,96933.0,96980.0,47.0
2010,96977.0,97034.0,57.0
2011,96986.0,97074.0,88.0
2012,96995.0,97119.0,124.0
2013,97020.0,97142.0,122.0
2014,97055.0,97165.0,110.0
2015,97058.0,97197.0,139.0
2016,97060.0,97171.0,111.0
2017,97093.0,97229.0,136.0
2018,97235.0,97290.0,55.0
2019,97263.0,97349.0,86.0
2020,97270.0,97362.0,92.0
2021,97272.0,97376.0,104.0
2022,97278.0,97414.0,136.0
2023,97293.0,97450.0,157.0
2024,97301.0,97457.0,156.0
2025,97337.0,97513.0,176.0
2026,97421.0,97546.0,125.0
2027,97447.0,97550.0,103.0
2028,97501.0,97587.0,86.0
2029,97588.0,97646.0,58.0
2030,97604.0,97654.0,50.0
2031,97631.0,97721.0,90.0
2032,97641.0,97748.0,107.0
2033,97682.0,97762.0,80.0
2034,97696.0,97782.0,86.0
2035,97698.0,97822.0,124.0
2036,97708.0,97854.0,146.0
2037,97768.0,97866.0,98.0
2038,97774.0,97906.0,132.0
2039,97914.0,97966.0,52.0
2040,97941.0,98011.0,70.0
2041,97945.0,98061.0,116.0
2042,97976.0,98050.0,74.0
2043,98043.0,98102.0,59.0
2044,98147.0,98194.0,47.0
2045,98290.0,98337.0,47.0
2046,98299.0,98397.0,98.0
2047,98323.0,98426.0,103.0
2048,98326.0,98466.0,140.0
2049,98430.0,98480.0,50.0
2050,98472.0,98537.0,65.0
2051,98827.0,98874.0,47.0
2052,98894.0,98941.0,47.0
2053,98954.0,99007.0,53.0
2054,98964.0,99046.0,82.0
2055,99011.0,99061.0,50.0
2056,99105.0,99161.0,56.0
2057,99129.0,99186.0,57.0
2058,99136.0,99237.0,101.0
2059,99286.0,99342.0,56.0
2060,99289.0,99382.0,93.0
2061,99295.0,99456.0,161.0
2062,99492.0,99539.0,47.0
2063,99574.0,99627.0,53.0
2064,99576.0,99668.0,92.0
2065,99642.0,99695.0,53.0
2066,99644.0,99715.0,71.0
2067,99920.0,99967.0,47.0
